Course Code,Slot,Venue
BASTS101,B3,AB3-103
BASTS101,B3,AB3-104
BASTS101,B3,AB3-105
BASTS101,B3,AB3-106
BASTS101,B3,AB3-107
BASTS101,B3,AB3-108
BASTS101,B3,AB3-109
BASTS101,B3,AB3-203
BASTS101,B3,AB3-204
BASTS101,B3,AB3-205
BASTS101,B3,AB3-206
BASTS101,B3,AB3-207
BASTS101,B3,AB3-103
BASTS101,B3,AB3-104
BASTS101,B3,AB3-105
BASTS101,B3,AB3-106
BASTS101,B3,AB3-107
BASTS101,B3,AB3-108
BASTS101,B3,AB3-109
BASTS101,B3,AB3-203
BASTS101,B3,AB3-204
BASTS101,B3,AB3-205
BASTS101,B3,AB3-206
BASTS101,B3,AB3-207
BASTS101,B3,AB3-208
BASTS101,B2,AB2-301
BASTS101,B2,AB2-302
BASTS101,B2,AB2-303
BASTS101,B1,AB1-402
BASTS101,B1,AB1-408
BASTS101,B2,AB2-301
BASTS101,B2,AB2-302
BASTS101,B1,AB1-402
BASTS101,B1,AB1-301
BASTS101,B1,AB1-302
BASTS101,B1,AB1-308
BASTS101,B1,AB1-309
BASTS101,B1,AB1-608
BASTS101,B1,AB1-609
BASTS101,B1,AB1-610
BASTS101,B4,AB4-514
BASTS101,B1,AB1-301
BASTS101,B1,AB1-302
BASTS101,B1,AB1-308
BASTS101,B1,AB1-309
BASTS101,B1,AB1-608
BASTS101,B1,AB1-609
BASTS101,B1,AB1-702
BASTS101,B2,AB2-401
BASTS101,B2,AB2-402
BASTS101,B2,AB2-406
BASTS101,B2,AB2-401
BASTS101,B2,AB2-402
BASTS101,B1+TB1,ADB-702VFIT
BASTS101,B3,AB3-208
BASTS101,B3,AB3-209
BASTS101,B3,AB3-211
BASTS101,B3,AB3-303
BASTS101,B3,AB3-304
BASTS101,B3,AB3-305
BASTS101,B3,AB3-306
BASTS101,B3,AB3-307
BASTS101,B3,AB3-308
BASTS101,B3,AB3-309
BASTS101,B3,AB3-313
BASTS101,B3,AB3-403
BASTS101,B3,AB3-404
BASTS101,B3,AB3-209
BASTS101,B3,AB3-211
BASTS101,B3,AB3-303
BASTS101,B3,AB3-304
BASTS101,B3,AB3-305
BASTS101,B3,AB3-306
BASTS101,B3,AB3-307
BASTS101,B3,AB3-308
BASTS101,B3,AB3-309
BASTS101,B3,AB3-313
BASTS101,B2,AB2-406
IASTS101,B4,AB4-504
IASTS101,B4,AB4-505
IASTS101,B4,AB4-502
IASTS101,B4,AB4-503
IASTS101,B4,AB4-504
IASTS101,B4,AB4-502
STS4021,B3,MAB3-103SCOPE
STS4021,B3,MAB3-103SCOPE
STS4021,B3,MAB3-102SCOPE
BAMAT101,B3,AB3-509
BAMAT101,B1,AB1-507B
BAMAT201,B4,AB4-501
BAMAT201,B3,AB3-605
BAMAT205,B3,AB3-208
BAMAT205,B3,AB3-304
BAMAT205,B3,AB3-208
BAMAT205,B3,AB3-305
BAMAT205,B3,AB3-306
BAMAT205,B3,AB3-313
BAMAT205,B3,AB3-307
BAMAT205,B3,AB3-211
BAMAT205,B3,AB3-304
BAMAT205,B3,AB3-309
BAMAT205,B3,AB3-309
BAMAT205,B3,AB3-313
BAMAT205,B3,AB3-404
BAMAT205,B3,AB3-209
BAMAT205,B3,AB3-303
BAMAT205,B3,AB3-305
BAMAT205,B3,AB3-306
BAMAT205,B3,AB3-307
BAMAT205,B3,AB3-308
BAMAT205,B3,AB3-209
BAMAT205,B3,AB3-211
BAMAT205,B3,AB3-303
BAMAT205,B3,AB3-403
BAMAT205,B3,AB3-308
BAMAT207,B3,AB3-613
BAMAT207,B1,AB1-514
BAMAT209,B1,AB1-608
BAMAT209,B1,AB1-609
BAMAT209,B1,AB1-610
BAMAT209,B1,AB1-608
BAMAT209,B1,AB1-609
BMAT202L,B3,AB3-508
BMAT202L,B3,AB3-509
BMAT202L,B3,AB3-513
BMAT202L,B3,AB3-603
BMAT202L,B3,AB3-604
BMAT202L,B3,AB3-605
BMAT202L,B3,AB3-606
BMAT202L,B3,AB3-607
BMAT202L,B3,AB3-608
BMAT202L,B3,AB3-609
BMAT202L,B3,AB3-613
BMAT202L,B3,AB3-508
BMAT202L,B3,AB3-509
BMAT202L,B3,AB3-513
BMAT202L,B3,AB3-603
BMAT202L,B3,AB3-604
BMAT202L,B3,AB3-605
BMAT202L,B3,AB3-606
BMAT202L,B3,AB3-607
BMAT202L,B3,AB3-608
BMAT202L,B3,AB3-609
BMAT202L,B3,AB3-613
BMAT202L,B3,AB3-703
BMAT202L,B3,AB3-704
BMAT202L,B1,AB1-802
BMAT202L,B1,AB1-808
BMAT202L,B1,AB1-809
BMAT202L,B1,AB1-802
BMAT202L,B1,AB1-808
BMAT202L,B1,AB1-809
BMAT202P,B1,AB1-505
BMAT202P,B1,AB1-613
BMAT202P,B1,AB1-505ABAI
BMAT202P,B1,AB1-505
BMAT202P,B1,AB1-505ABAI
BMAT202P,B1,AB1-505
BMAT202P,B1,AB1-505
BMAT202P,B1,AB1-505ABAI
BMAT202P,B1,AB1-505ABAI
BMAT202P,B1,AB1-505
BMAT202P,B1,AB1-505
BMAT202P,B1,AB1-505
BMAT202P,B1,AB1-505
BMAT202P,B1,AB1-505
BMAT202P,B1,AB1-505
BMAT202P,B1,AB1-613
BMAT202P,B1,AB1-505
BMAT202P,B1,AB1-613
BMAT202P,B1,AB1-505ABAI
BMAT202P,B1,AB1-505ABAI
BMAT202P,B1,AB1-505ABAI
BMAT202P,B1,AB1-505
BMAT202P,B1,AB1-505ABAI
BMAT202P,B1,AB1-505ABAI
BMAT202P,B1,AB1-505
BMAT202P,B1,AB1-505
BMAT202P,B1,AB1-505ASENSE
BMAT202P,B1,AB1-505
BMAT202P,B1,AB1-606ASENSE
BMAT202P,B1,AB1-606ASENSE
BMAT205L,B3,AB3-405
BMAT205L,B3,AB3-406
BMAT205L,B3,AB3-407
BMAT205L,B3,AB3-408
BMAT205L,B3,AB3-409
BMAT205L,B3,AB3-413
BMAT205L,B3,AB3-503
BMAT205L,B3,AB3-504
BMAT205L,B3,AB3-505
BMAT205L,B3,AB3-506
BMAT205L,B3,AB3-507
BMAT205L,B2,AB2-407
BMAT205L,B3,AB3-406
BMAT205L,B3,AB3-405
BMAT205L,B3,AB3-407
BMAT205L,B3,AB3-408
BMAT205L,B3,AB3-409
BMAT205L,B3,AB3-413
BMAT205L,B3,AB3-503
BMAT205L,B3,AB3-504
BMAT205L,B3,AB3-505
BMAT205L,B3,AB3-506
BMAT205L,B3,AB3-403
BMAT205L,B3,AB3-404
IAMAT202,B4,AB4-502
IAMAT202,B4,AB4-503
IAMAT202,B4,AB4-504
IAMAT202,B4,AB4-505
IAMAT202,B4,AB4-502
IAMAT202,B4,AB4-504
IMAT201L,B3,MAB3-101
IMAT201L,B3,MAB3-102
IMAT201L,B3,MAB3-101
TCHY140L,B2,AB2-605
UMAT201L,B3,AB3-708
BABIT314,B3,AB3-405
BABIT314,B3,AB3-405
BBIT415L,B3,AB3-304
BBIT415L,B3,AB3-304
BBIT415L,B3,AB3-303
BBIT415L,B3,AB3-303
BBIT415L,B3,AB3-303
BBIT415L,B3,AB3-303
BACLE102,E1,AB1-702
BACLE102,E1,AB1-703
BACLE102,E1,AB1-703
BACLE104,E1,AB1-702
BACLE201,E2,AB1-702
BACLE201,E2,AB2-014
BACLE201,E2,AB2-014
BACLE302,E3,AB1-702
BACLE302,E3,AB2-003
BACLE402,E4,AB1-702
BACLE416,E4,AB1-709
BACLE416,E4,AB1-703
BACLE422,E4,AB1-709
BCLE202L,E2,AB1-709
BCLE210L,E2,AB1-708
BCLE211L,E2,AB1-709
BCLE214L,E2,AB2-405
BCLE214L,E2,AB1-411
BCLE214L,E2,AB3-313
BCLE215L,E2,AB1-611
BCLE215L,E2,AB3-313
BCLE215L,E2,AB2-405
BCLE216L,E2,AB3-513
BCLE216L,E2,AB1-411
BCLE301L,E3,AB1-709
BCLE301P,E3,AB2-003
BCLE303L,E3,AB1-708
BCLE304L,E3,AB1-708
BCLE304P,E3,AB1-514
BCLE305L,E3,AB1-708
BCLE307L,E3,AB1-708
BCLE317E,E3,AB1-708
BCLE317E,E3,AB1-514
BACSE102,E1,AB1-607
BACSE102,E1,AB1-506ABCE
BACSE102,E1,AB3-511
BACSE102,E1,AB3-511
BACSE102,E1,AB3-511
BACSE102,E1,AB3-202
BACSE102,E1,AB3-602
BACSE102,E1,AB1-208
BACSE102,E1,AB3-412BCE
BACSE102,E1,AB3-511
BACSE102,E1,AB1-313
BACSE102,E1,AB3-612
BACSE102,E1,AB3-402BCE
BACSE102,E1,AB3-402BCE
BACSE102,E1,AB1-209
BACSE102,E1,AB1-210
BACSE102,E1,AB3-612
BACSE102,E1,AB3-602
BACSE102,E1,AB3-611
BACSE102,E1,AB3-611
BACSE102,E1,AB3-412BCE
BACSE102,E1,AB3-410
BACSE102,E1,AB3-612
BACSE102,E1,AB3-310
BACSE102,E1,AB1-605BBCE
BACSE102,E1,AB3-611
BACSE102,E1,AB3-612
BACSE102,E1,AB1-313
BACSE102,E1,AB3-302
BACSE102,E1,AB3-412BAI
BACSE102,E1,AB3-511
BACSE102,E1,AB3-511
BACSE102,E1,AB3-612
BACSE102,E1,AB3-202
BACSE102,E1,AB3-611
BACSE102,E1,AB3-202
BACSE102,E1,AB3-611
BACSE102,E1,AB3-412BAI
BACSE102,E1,AB3-511
BACSE102,E1,AB3-611
BACSE102,E1,AB3-311
BACSE102,E1,AB3-412BAI
BACSE102,E1,AB3-302
BACSE102,E1,AB3-410
BACSE102,E1,AB3-612
BACSE102,E1,AB3-302
BACSE102,E1,AB3-410
BACSE102,E1,AB3-402BAI
BACSE102,E1,AB3-402BAI
BACSE102,E1,AB3-602
BACSE102,E1,AB1-607BSENSE
BACSE102,E1,AB1-607BSENSE
BACSE102,E1,AB1-607BSENSE
BACSE102,E1,AB1-607BSENSE
BACSE102,E1,AB1-607BSENSE
BACSE102,E1,AB1-603ASELECT
BACSE103,E1,AB3-207
BACSE103,E1,AB1-207
BACSE105,E1,AB1-603A
BACSE105,E1,AB2-406
BACSE105,E1,AB2-406
BACSE105,E1,AB1-607
BACSE105,E1,AB1-609
BACSE105,E1,AB1-608
BACSE105,E1,AB1-610
BACSE105,E1,AB1-607BSENSE
BACSE105,E1,AB1-607BSENSE
BACSE105,E1,AB1-608
BACSE105,E1,AB1-609
BACSE105,E1,AB1-607BSENSE
BACSE105,E1,AB4-411
BACSE105,E1,AB1-607BSENSE
BACSE106,E1,AB3-204
BACSE106,E1,AB3-107
BACSE106,E1,AB3-202
BACSE106,E1,AB3-103
BACSE106,E1,AB3-104
BACSE106,E1,AB3-204
BACSE106,E1,AB3-106
BACSE106,E1,AB3-202
BACSE106,E1,AB3-203
BACSE106,E1,AB3-402BCE
BACSE106,E1,AB3-107
BACSE106,E1,AB3-412BCE
BACSE106,E1,AB3-108
BACSE106,E1,AB3-108
BACSE106,E1,AB3-205
BACSE106,E1,AB3-106
BACSE106,E1,AB1-311
BACSE106,E1,AB3-103
BACSE106,E1,AB3-205
BACSE106,E1,AB3-105
BACSE106,E1,AB3-402BCE
BACSE106,E1,AB3-206
BACSE106,E1,AB3-104
BACSE106,E1,AB3-105
BACSE106,E1,AB3-412BCE
BACSE106,E1,AB3-109
BACSE106,E1,AB3-511
BACSE106,E1,AB3-307
BACSE106,E1,AB3-308
BACSE106,E1,AB3-309
BACSE106,E1,AB3-208
BACSE106,E1,AB3-209
BACSE106,E1,AB3-211
BACSE106,E1,AB3-306
BACSE106,E1,AB3-303
BACSE106,E1,AB3-304
BACSE106,E1,AB3-307
BACSE106,E1,AB3-305
BACSE106,E1,AB3-305
BACSE106,E1,AB3-404
BACSE106,E1,AB3-306
BACSE106,E1,AB3-309
BACSE106,E1,AB3-313
BACSE106,E1,AB3-313
BACSE106,E1,AB3-403
BACSE106,E1,AB3-507
BACSE106,E1,AB1-208
BACSE106,E1,AB1-609
BACSE106,E1,AB1-610
BACSE106,E1,AB4-407
BACSE106,E1,AB4-407
BACSE106,E1,AB1-608
BACSE106,E1,AB4-407
BACSE106,E1,AB1-609
BACSE106,E1,AB4-407
BACSE106,E1,AB3-207
BACSE106,E1,AB3-203
BACSE106,E1,AB3-208
BACSE106,E1,AB3-207
BACSE106,E1,AB3-109
BACSE106,E1,AB3-206
BACSE106,E1,AB3-308
BACSE106,E1,AB3-303
BACSE106,E1,AB3-304
BACSE106,E1,AB3-209
BACSE106,E1,AB1-608
BACSE106,E1,AB3-211
BACSE106,E1,AB4-407
BACSE106,E1,AB3-402BCE
BACSE106,E1,AB1-605ABCE
BACSE106,E1,AB3-302
BACSE106,E1,AB3-412BCE
BACSE106,E1,AB3-202
BACSE106,E1,AB3-410
BACSE106,E1,AB3-302
BACSE106,E1,AB1-208
BACSE106,E1,AB3-412BCE
BACSE106,E1,AB3-202
BACSE106,E1,AB3-402BCE
BACSE106,E1,AB3-611
BACSE106,E1,AB3-402BCE
BACSE106,E1,AB3-611
BACSE106,E1,AB1-210
BACSE106,E1,AB3-302
BACSE106,E1,AB3-302
BACSE106,E1,AB3-302
BACSE106,E1,AB3-402BAI
BACSE106,E1,AB3-412BAI
BACSE106,E1,AB3-202
BACSE106,E1,AB1-311
BACSE106,E1,AB3-402BAI
BACSE106,E1,AB3-302
BACSE106,E1,AB3-412BAI
BACSE106,E1,AB3-511
BACSE106,E1,AB3-611
BACSE106,E1,AB3-612
BACSE106,E1,AB1-208
BACSE106,E1,AB1-210
BACSE106,E1,AB1-311
BACSE106,E1,AB3-611
BACSE106,E1,AB3-612
BACSE106,E1,AB1-206
BACSE106,E1,AB1-210
BACSE106,E1,AB1-311
BACSE106,E1,AB3-202
BACSE106,E1,AB3-302
BACSE106,E1,AB3-402BAI
BACSE106,E1,AB3-412BAI
BACSE201,E2,AB3-104
BACSE201,E2,AB3-103
BACSE201,E2,AB3-205
BACSE201,E2,AB3-206
BACSE201,E2,AB3-206
BACSE201,E2,AB3-207
BACSE201,E2,AB3-207
BACSE201,E2,AB3-106
BACSE201,E2,AB3-106
BACSE201,E2,AB3-108
BACSE201,E2,AB3-108
BACSE201,E2,AB3-104
BACSE201,E2,AB3-208
BACSE201,E2,AB3-107
BACSE201,E2,AB3-107
BACSE201,E2,AB3-103
BACSE201,E2,AB3-109
BACSE201,E2,AB3-109
BACSE201,E2,AB3-203
BACSE201,E2,AB3-203
BACSE201,E2,AB3-205
BACSE201,E2,AB3-105
BACSE201,E2,AB3-105
BACSE201,E2,AB3-204
BACSE201,E2,AB3-204
BACSE201,E2,AB3-208
BACSE201,E2,AB3-209
BACSE201,E2,AB3-209
BACSE201,E2,AB3-211
BACSE201,E2,AB3-211
BACSE201,E2,AB3-303
BACSE201,E2,AB3-303
BACSE201,E2,AB3-304
BACSE201,E2,AB3-304
BACSE201,E2,AB3-305
BACSE201,E2,AB3-306
BACSE201,E2,AB3-306
BACSE201,E2,AB3-307
BACSE201,E2,AB3-307
BACSE201,E2,AB3-308
BACSE201,E2,AB3-308
BACSE201,E2,AB3-309
BACSE201,E2,AB3-309
BACSE201,E2,AB3-313
BACSE201,E2,AB3-313
BACSE201,E2,AB3-403
BACSE201,E2,AB3-404
BACSE201,E2,AB3-507
BACSE201,E2,AB3-505
BACSE202,E2,AB3-103
BACSE202,E2,AB1-605BBCE
BACSE202,E2,AB3-107
BACSE202,E2,AB3-203
BACSE202,E2,AB3-207
BACSE202,E2,AB3-104
BACSE202,E2,AB3-204
BACSE202,E2,AB3-105
BACSE202,E2,AB3-205
BACSE202,E2,AB3-106
BACSE202,E2,AB3-206
BACSE202,E2,AB3-103
BACSE202,E2,AB1-313
BACSE202,E2,AB3-107
BACSE202,E2,AB1-605BBCE
BACSE202,E2,AB3-104
BACSE202,E2,AB1-506ABCE
BACSE202,E2,AB3-108
BACSE202,E2,AB1-506ABCE
BACSE202,E2,AB3-105
BACSE202,E2,AB3-109
BACSE202,E2,AB1-605BBCE
BACSE202,E2,AB3-106
BACSE202,E2,AB3-203
BACSE202,E2,AB3-310
BACSE202,E2,AB3-108
BACSE202,E2,AB3-204
BACSE202,E2,AB3-602
BACSE202,E2,AB3-109
BACSE202,E2,AB3-205
BACSE202,E2,AB3-602
BACSE202,E2,AB3-206
BACSE202,E2,AB3-602
BACSE202,E2,AB3-207
BACSE202,E2,AB3-612
BACSE202,E2,AB3-306
BACSE202,E2,AB1-209
BACSE202,E2,AB3-309
BACSE202,E2,AB1-209
BACSE202,E2,AB3-308
BACSE202,E2,AB3-311
BACSE202,E2,AB3-307
BACSE202,E2,AB1-307
BACSE202,E2,AB3-211
BACSE202,E2,AB1-313
BACSE202,E2,AB3-209
BACSE202,E2,AB1-313
BACSE202,E2,AB3-305
BACSE202,E2,AB1-506ABAI
BACSE202,E2,AB3-208
BACSE202,E2,AB1-605BBAI
BACSE202,E2,AB3-507
BACSE202,E2,AB3-310
BACSE202,E2,AB3-209
BACSE202,E2,AB3-310
BACSE202,E2,AB3-308
BACSE202,E2,AB3-311
BACSE202,E2,AB3-306
BACSE202,E2,AB1-313
BACSE202,E2,AB3-313
BACSE202,E2,AB1-313
BACSE202,E2,AB3-305
BACSE202,E2,AB3-602
BACSE202,E2,AB3-313
BACSE202,E2,AB3-602
BACSE202,E2,AB3-211
BACSE202,E2,AB3-611
BACSE202,E2,AB3-304
BACSE202,E2,AB1-506ABAI
BACSE202,E2,AB3-307
BACSE202,E2,AB1-605BBAI
BACSE202,E2,AB3-309
BACSE202,E2,AB3-602
BACSE202,E2,AB3-304
BACSE202,E2,AB1-209
BACSE202,E2,AB3-413
BACSE202,E2,AB3-311
BACSE202,E2,AB3-505
BACSE202,E2,AB3-310
BACSE202,E2,AB2-408
BACSE202,E2,AB3-703
BACSE202,E2,AB1-605BBAI
BACSE202,E2,AB1-313
BACSE202,E2,AB1-605BBCE
BACSE202,E2,AB3-310
BACSE202,E2,AB3-311
BACSE202,E2,AB3-602
BACSE202,E2,AB3-311
BACSE202,E2,AB1-313
BACSE202,E2,AB1-313
BACSE202,E2,AB1-506ABCE
BACSE202,E2,AB3-310
BACSE202,E2,AB1-605BBCE
BACSE202,E2,AB3-311
BACSE202,E2,AB3-602
BACSE202,E2,AB1-506ABCE
BACSE202,E2,AB3-707
BACSE202,E2,AB3-611
BACSE341,E3,AB3-105
BACSE341,E3,AB1-307
BACSE341,E3,AB3-104
BACSE341,E3,AB1-307
BACSE341,E3,AB3-104
BACSE341,E3,AB1-307
BACSE341,E3,AB3-103
BACSE341,E3,AB1-307
BACSE344,E3,AB3-203
BACSE344,E3,AB3-204
BACSE344,E3,AB3-205
BACSE344,E3,AB3-205
BACSE344,E3,AB3-207
BACSE344,E3,AB3-208
BACSE344,E3,AB3-204
BACSE344,E3,AB3-206
BACSE344,E3,AB3-206
BACSE344,E3,AB3-207
BACSE350,E3,AB3-106
BACSE350,E3,AB3-105
BACSE350,E3,AB3-109
BACSE350,E3,AB3-108
BACSE350,E3,AB3-106
BACSE350,E3,AB3-109
BACSE350,E3,AB3-108
BACSE350,E3,AB3-107
BACSE350,E3,AB3-107
BACSE350,E3,AB3-203
BCSE103E,E1,MAB3-202SCOPE
BCSE103E,E1,AB3-202
BCSE202L,E2,MAB3-302SCOPE
BCSE202P,E2,AB3-412SCOPE
BCSE204L,E2,AB3-508
BCSE204L,E2,AB3-508
BCSE204L,E2,AB3-509
BCSE204L,E2,AB3-509
BCSE204L,E2,AB3-513
BCSE204L,E2,AB3-513
BCSE204L,E2,AB3-603
BCSE204L,E2,AB3-603
BCSE204L,E2,AB3-604
BCSE204L,E2,AB3-405
BCSE204L,E2,AB3-406
BCSE204L,E2,AB3-407
BCSE204L,E2,AB3-408
BCSE204L,E2,AB3-409
BCSE204L,E2,AB3-413
BCSE204L,E2,AB3-403
BCSE204L,E2,AB3-404
BCSE204L,E2,AB3-405
BCSE204L,E2,AB3-406
BCSE204L,E2,AB3-407
BCSE204L,E2,AB3-408
BCSE204L,E2,AB3-604
BCSE204L,E2,AB3-606
BCSE204L,E2,AB3-607
BCSE204L,E2,AB3-605
BCSE204L,E2,AB3-605
BCSE204L,E2,AB3-606
BCSE204L,E2,AB3-607
BCSE204L,E2,AB3-608
BCSE204L,E2,AB3-608
BCSE204L,E2,AB3-609
BCSE204L,E2,AB3-613
BCSE204L,E2,AB3-609
BCSE204L,E2,AB3-703
BCSE204L,E2,AB3-704
BCSE204P,E2,AB1-209
BCSE204P,E2,AB1-208
BCSE204P,E2,AB1-311
BCSE204P,E2,AB1-605BBAI
BCSE204P,E2,AB1-605BBAI
BCSE204P,E2,AB3-310
BCSE204P,E2,AB3-412BAI
BCSE204P,E2,AB1-605ABAI
BCSE204P,E2,AB3-611
BCSE204P,E2,AB3-402BCE
BCSE204P,E2,AB3-412BCE
BCSE204P,E2,AB3-612
BCSE204P,E2,AB3-611
BCSE204P,E2,AB1-210
BCSE204P,E2,AB1-209
BCSE204P,E2,AB3-202
BCSE204P,E2,AB1-210
BCSE204P,E2,AB3-602
BCSE204P,E2,AB1-311
BCSE204P,E2,AB3-302
BCSE204P,E2,AB1-311
BCSE204P,E2,AB1-506ABAI
BCSE204P,E2,AB3-302
BCSE204P,E2,AB3-410
BCSE204P,E2,AB1-210
BCSE204P,E2,AB3-202
BCSE204P,E2,AB1-209
BCSE204P,E2,AB1-208
BCSE204P,E2,AB3-402BAI
BCSE204P,E2,AB1-605ABAI
BCSE204P,E2,AB3-202
BCSE204P,E2,AB1-208
BCSE204P,E2,AB3-511
BCSE204P,E2,AB3-402BAI
BCSE204P,E2,AB3-511
BCSE205L,E2,MAB3-401SCOPE
BCSE206L,E2,MAB3-201BCE
BCSE206L,E2,MAB3-201BCE
BCSE207L,E2,AB3-604
BCSE207L,E2,AB3-607
BCSE207L,E2,AB3-604
BCSE207P,E2,AB1-209
BCSE207P,E2,AB1-208
BCSE207P,E2,AB3-310
BCSE209L,E2,AB3-508
BCSE209L,E2,AB3-509
BCSE209L,E2,AB3-509
BCSE209L,E2,AB3-513
BCSE209L,E2,AB3-513
BCSE209L,E2,AB3-603
BCSE209L,E2,AB3-603
BCSE209L,E2,AB3-207
BCSE209L,E2,AB3-404
BCSE209P,E2,AB1-208
BCSE209P,E2,AB1-605BBAI
BCSE209P,E2,AB3-602
BCSE209P,E2,AB3-602
BCSE209P,E2,AB1-313
BCSE209P,E2,AB1-209
BCSE209P,E2,AB1-209
BCSE209P,E2,AB1-208
BCSE209P,E2,AB1-307
BCSE301L,E3,AB3-508
BCSE301L,E3,AB3-508
BCSE301L,E3,AB3-509
BCSE301L,E3,AB3-509
BCSE301L,E3,AB3-513
BCSE301L,E3,AB3-513
BCSE301L,E3,AB3-604
BCSE301L,E3,AB3-604
BCSE301L,E3,AB3-608
BCSE301L,E3,AB3-608
BCSE301L,E3,AB3-609
BCSE301L,E3,AB3-613
BCSE301L,E3,AB3-609
BCSE301L,E3,AB3-703
BCSE301L,E3,AB3-704
BCSE301L,E3,AB3-405
BCSE301L,E3,AB3-406
BCSE301L,E3,AB3-407
BCSE301L,E3,AB3-408
BCSE301L,E3,AB3-409
BCSE301L,E3,AB3-413
BCSE301L,E3,AB3-403
BCSE301L,E3,AB3-404
BCSE301L,E3,AB3-405
BCSE301L,E3,AB3-406
BCSE301L,E3,AB3-407
BCSE301L,E3,AB3-408
BCSE301L,E3,AB3-504
BCSE301L,E3,AB3-504
BCSE301L,E3,AB3-503
BCSE301L,E3,AB3-505
BCSE301L,E3,AB3-506
BCSE301L,E3,AB3-506
BCSE301L,E3,AB3-503
BCSE301L,E3,AB3-505
BCSE301P,E3,AB1-313
BCSE301P,E3,AB3-611
BCSE301P,E3,AB3-511
BCSE301P,E3,AB1-208
BCSE301P,E3,AB1-210
BCSE301P,E3,AB3-402BAI
BCSE301P,E3,AB1-311
BCSE301P,E3,AB3-611
BCSE301P,E3,AB1-209
BCSE301P,E3,AB3-602
BCSE301P,E3,AB3-412BAI
BCSE301P,E3,AB1-208
BCSE301P,E3,AB3-412BAI
BCSE301P,E3,AB3-511
BCSE301P,E3,AB1-313
BCSE301P,E3,AB1-313
BCSE301P,E3,AB1-313
BCSE301P,E3,AB1-210
BCSE301P,E3,AB1-311
BCSE301P,E3,AB1-307
BCSE301P,E3,AB3-202
BCSE301P,E3,AB1-605ABCE
BCSE301P,E3,AB1-605BBCE
BCSE301P,E3,AB3-612
BCSE301P,E3,AB1-307
BCSE301P,E3,AB1-311
BCSE301P,E3,AB3-202
BCSE301P,E3,AB1-307
BCSE301P,E3,AB1-605BBAI
BCSE301P,E3,AB1-307
BCSE301P,E3,AB1-209
BCSE301P,E3,AB1-605BBAI
BCSE301P,E3,AB1-209
BCSE301P,E3,AB1-210
BCSE301P,E3,AB3-612
BCSE302L,E3,AB2-407
BCSE302L,E3,AB3-503
BCSE302L,E3,AB3-504
BCSE302L,E3,AB3-505
BCSE302L,E3,AB3-506
BCSE302L,E3,AB3-507
BCSE302L,E3,AB3-409
BCSE302L,E3,AB3-413
BCSE302L,E3,AB3-503
BCSE302L,E3,AB3-504
BCSE302L,E3,AB3-305
BCSE302L,E3,AB3-506
BCSE302L,E3,AB1-809
BCSE302L,E3,AB1-811
BCSE302L,E3,AB1-812
BCSE302L,E3,AB1-809
BCSE302L,E3,AB1-811
BCSE302L,E3,AB1-812
BCSE302P,E3,AB1-603ABEL
BCSE302P,E3,AB1-209
BCSE302P,E3,AB1-605BBCE
BCSE302P,E3,AB3-311
BCSE302P,E3,AB3-602
BCSE302P,E3,AB1-307
BCSE302P,E3,AB1-605BBCE
BCSE302P,E3,AB1-506ABCE
BCSE302P,E3,AB1-209
BCSE302P,E3,AB1-307
BCSE302P,E3,AB3-311
BCSE302P,E3,AB1-313
BCSE302P,E3,AB4-411
BCSE302P,E3,AB4-411
BCSE302P,E3,AB4-411
BCSE302P,E3,AB4-411
BCSE302P,E3,AB1-607BSENSE
BCSE302P,E3,AB4-411
BCSE304L,E3,AB3-613
BCSE305L,E3,AB3-403
BCSE305L,E3,AB3-208
BCSE305L,E3,AB3-208
BCSE305L,E3,AB3-404
BCSE305L,E3,AB3-407
BCSE305L,E3,AB3-406
BCSE305L,E3,AB3-209
BCSE305L,E3,AB3-211
BCSE305L,E3,AB3-209
BCSE305L,E3,AB3-407
BCSE305L,E3,AB3-408
BCSE305L,E3,AB3-408
BCSE305L,E3,AB3-211
BCSE305L,E3,AB3-409
BCSE305L,E3,AB3-409
BCSE305L,E3,AB3-305
BCSE305L,E3,AB3-413
BCSE305L,E3,AB3-413
BCSE305L,E3,AB3-507
BCSE305L,E3,AB3-305
BCSE305L,E3,AB3-613
BCSE305L,E3,AB3-306
BCSE305L,E3,AB3-403
BCSE305L,E3,AB3-306
BCSE305L,E3,AB3-703
BCSE305L,E3,AB3-704
BCSE305L,E3,AB3-603
BCSE305L,E3,AB3-603
BCSE305L,E3,AB3-605
BCSE305L,E3,AB3-606
BCSE305L,E3,AB3-607
BCSE305L,E3,AB2-201
BCSE305L,E3,AB2-202
BCSE305L,E3,AB2-203
BCSE306L,E3,AB3-606
BCSE306L,E3,AB3-607
BCSE306L,E3,AB3-608
BCSE306L,E3,AB3-608
BCSE306L,E3,AB3-609
BCSE306L,E3,AB3-613
BCSE307L,E3,AB3-606
BCSE307L,E3,AB3-607
BCSE307L,E3,AB3-503
BCSE307L,E3,AB3-504
BCSE307L,E3,AB3-505
BCSE307L,E3,AB3-506
BCSE307L,E3,AB3-507
BCSE307L,E3,AB3-409
BCSE307L,E3,AB3-413
BCSE307L,E3,AB3-503
BCSE307L,E3,AB3-505
BCSE307L,E3,AB3-506
BCSE307L,E3,AB3-507
BCSE307L,E3,AB3-613
BCSE307P,E3,AB3-310
BCSE307P,E3,AB3-310
BCSE307P,E3,AB3-302
BCSE307P,E3,AB1-313
BCSE307P,E3,AB1-506ABCE
BCSE307P,E3,AB3-402BCE
BCSE307P,E3,AB1-313
BCSE307P,E3,AB1-210
BCSE307P,E3,AB1-506ABCE
BCSE307P,E3,AB1-605ABCE
BCSE307P,E3,AB1-307
BCSE307P,E3,AB3-202
BCSE307P,E3,AB3-302
BCSE307P,E3,AB3-302
BCSE308L,E3,AB2-407
BCSE308L,E3,AB1-802
BCSE308L,E3,AB1-808
BCSE308L,E3,AB1-809
BCSE308L,E3,AB1-802
BCSE308L,E3,AB1-808
BCSE308L,E3,AB1-809
BCSE308L,E3,AB3-207
BCSE308P,E3,AB1-607
BCSE308P,E3,AB4-407
BCSE308P,E3,AB4-407
BCSE308P,E3,AB4-407
BCSE308P,E3,AB4-407
BCSE308P,E3,AB4-407
BCSE308P,E3,AB4-407
BCSE308P,E3,AB3-310
BCSE309L,E3,AB3-609
BCSE309L,E3,AB3-703
BCSE309L,E3,AB3-704
BCSE309P,E3,AB3-612
BCSE309P,E3,AB3-602
BCSE309P,E3,AB3-511
BCSE316L,E3,AB3-409
BCSE316L,E3,AB3-413
BCSE316L,E3,AB3-503
BCSE324L,E3,AB4-518
BCSE331L,E3,MAB3-303BDS
BCSE331L,E3,MAB3-302BDS
BCSE331P,E3,AB1-209
BCSE331P,E3,AB1-208
BCSE332L,E3,MAB3-203BPS
BCSE332P,E3,AB1-210
BCSE334L,E3,MAB3-202BCE
BCSE334L,E3,MAB3-203BCE
BCSE334L,E3,MAB3-202BCE
BCSE334L,E3,MAB3-203BCE
BCSE334L,E3,MAB3-303BDS
BCSE335L,E3,MAB3-301BCE
BCSE335L,E3,MAB3-302BCE
BCSE335L,E3,MAB3-302BCE
BCSE335L,E3,MAB3-202BDS
BCSE335L,E3,MAB3-202BDS
BCSE335L,E3,MAB3-303BCE
BCSE336L,E3,MAB3-203BDS
BCSE336P,E3,AB3-202
BCSE355L,E3,AB3-508
BCSE355L,E3,AB3-508
BCSE355L,E3,AB3-509
BCSE355L,E3,AB3-513
BCSE355L,E3,AB3-603
BCSE355L,E3,AB3-603
BCSE355L,E3,AB3-604
BCSE355L,E3,AB3-604
BCSE355L,E3,AB3-606
BCSE355L,E3,AB3-607
BCSE355L,E3,AB3-605
BCSE355L,E3,AB3-605
BCSE355L,E3,AB3-606
BCSE355L,E3,AB3-607
BCSE355L,E3,AB3-608
BCSE355L,E3,AB3-608
BCSE355L,E3,AB3-609
BCSE355L,E3,AB3-613
BCSE355L,E3,AB3-609
BCSE355L,E3,AB3-703
BCSE355L,E3,AB3-704
BCSE355L,E3,AB3-405
BCSE355L,E3,AB3-406
BCSE355L,E3,AB3-407
BCSE355L,E3,AB3-408
BCSE355L,E3,AB3-409
BCSE355L,E3,AB3-413
BCSE355L,E3,AB3-503
BCSE355L,E3,AB3-504
BCSE355L,E3,AB3-505
BCSE355L,E3,AB3-506
BCSE355L,E3,AB3-507
BCSE355L,E3,AB3-403
BCSE355L,E3,AB3-404
BCSE355L,E3,AB3-405
BCSE355L,E3,AB3-406
BCSE355L,E3,AB3-407
BCSE355L,E3,AB3-408
BCSE355L,E3,AB3-409
BCSE355L,E3,AB3-503
BCSE355L,E3,AB3-505
BCSE355L,E3,AB3-506
BCSE355L,E3,AB3-707
BCSE355L,E3,AB3-703
BCSE355L,E3,AB3-413
BCSE355L,E3,AB3-504
BCSE402L,E4,AB4-518
BCSE402L,E4,AB4-518
BCSE404L,E4,AB4-518
BCSE406L,E4,MAB3-301BCE
BCSE406L,E4,MAB3-302BCE
BCSE407L,E4,AB4-518
BCSE408L,E4,MAB3-201BCE
BCSE408L,E4,MAB3-201BCE
BCSE409L,E4,AB3-504
BCSE409L,E4,AB3-505
BCSE409L,E4,AB3-504
BCSE410L,E4,AB3-407
BCSE410L,E4,AB3-408
BCSE410L,E4,AB3-506
BCSE415L,E4,MAB3-203BCE
BCSE415L,E4,MAB3-301BCE
BCSE415L,E4,MAB3-202BCE
BCSE415L,E4,MAB3-203BCE
BCSE416L,E4,MAB3-201BAI
BCSE416L,E4,MAB3-201BAI
BCSE416P,E4,AB1-210
BCSE416P,E4,AB1-210
BCSE417L,E4,MAB3-401BAI
BCSE417L,E4,MAB3-402BAI
BCSE417L,E4,MAB3-401BAI
BCSE417P,E4,AB3-410
BCSE417P,E4,AB3-311
BCSE417P,E4,AB3-410
BCSE418L,E4,MAB3-201BAI
BCSE419L,E4,MAB3-201BAI
BCSE419P,E4,AB3-311
BCSE421L,E4,AB3-609
BCSE421L,E4,AB3-509
BCSE421L,E4,AB3-605
BCSE422L,E4,MAB3-301BRS
BCSE422L,E4,MAB3-302BRS
BCSE422L,E4,MAB3-203BRS
BCSE422P,E4,AB3-410
BCSE422P,E4,AB3-410
BCSE422P,E4,AB3-311
BCSE423L,E4,AB3-606
BCSE423L,E4,AB3-608
BCSE423L,E4,AB3-605
BCSE423P,E4,AB3-410
BCSE423P,E4,AB3-410
BCSE423P,E4,AB3-311
BCSE425L,E4,MAB3-403BRS
BCSE425L,E4,MAB3-403BRS
BCSE425L,E4,AB3-103
BCSE425P,E4,AB3-410
BCSE425P,E4,AB3-410
BCSE425P,E4,AB3-410
BCSE426L,E4,MAB3-303BRS
BCSE426L,E4,MAB3-302BRS
BCSE426P,E4,AB3-410
BCSE426P,E4,AB3-311
BCSE427L,E4,MAB3-402BAI
BCSE427L,E4,MAB3-401BAI
BCSE427L,E4,MAB3-403BRS
BCSE427L,E4,MAB3-403BRS
BCSE427L,E4,MAB3-402BRS
BCSE427P,E4,AB3-410
BCSE427P,E4,AB3-311
BCSE427P,E4,AB3-311
BCSE427P,E4,AB3-311
BCSE427P,E4,AB3-311
BCSE428L,E4,MAB3-201BAI
BCSE428L,E4,MAB3-202BAI
BCSE428L,E4,MAB3-201BAI
BCSE428L,E4,MAB3-202BAI
BCSE428L,E4,MAB3-202BPS
BCSE428L,E4,MAB3-301BRS
BCSE428L,E4,AB3-104
BCSE428L,E4,AB3-105
BCSE428P,E4,AB3-710
BCSE428P,E4,AB3-710
BCSE428P,E4,AB3-710
BCSE428P,E4,AB3-710
BCSE428P,E4,AB3-710
BCSE428P,E4,AB3-710
BCSE428P,E4,AB3-710
BCSE428P,E4,AB3-710
BCSE428P,E4,AB3-710
BCSE428P,E4,AB3-710
BCSE428P,E4,AB3-710
BCSE428P,E4,AB3-710
BCSE428P,E4,AB3-710
BCSE428P,E4,AB3-710
BCSE428P,E4,AB3-710
BCSE428P,E4,AB3-710
BCSE429L,E4,MAB3-303BPS
BCSE429P,E4,AB3-310
BCSE430L,E4,MAB3-201BPS
BCSE430P,E4,AB3-612
BCSE432E,E4,MAB3-201BAI
BCSE432E,E4,MAB3-202BAI
BCSE432E,E4,MAB3-203BAI
BCSE432E,E4,MAB3-201BAI
BCSE432E,E4,MAB3-202BAI
BCSE432E,E4,MAB3-203BAI
BCSE432E,E4,MAB3-301BAI
BCSE432E,E4,AB3-302
BCSE432E,E4,AB3-311
BCSE432E,E4,AB1-506ABAI
BCSE432E,E4,AB1-605BBAI
BCSE432E,E4,AB1-210
BCSE432E,E4,AB3-611
BCSE432E,E4,AB1-311
BCSE432E,E4,MAB3-302BPS
BCSE432E,E4,MAB3-301BPS
BCSE432E,E4,AB3-310
BCSE432E,E4,AB3-310
BCSE432E,E4,MAB3-303BRS
BCSE432E,E4,AB3-410
BCSE432E,E4,AB3-507
BCSE432E,E4,AB2-204
BCSE432E,E4,AB3-412BRS
BCSE432E,E4,AB3-302
CSE1905,E1,AB4-512
CSE1905,E1,AB4-516
CSE1905,E1,AB4-517
CSE1905,E1,AB4-518
CSE1905,E1,AB4-513
CSE3068,E3,MAB3-103MIA
CSE3068,E3,AB4-518
CSE3069,E3,MAB3-103MIA
CSE3086,E3,MAB3-103MIA
CSE3086,E3,AB1-506AMIA
CSE3086,E3,MAB3-103MIA
CSE3086,E3,AB1-307
CSE3090,E3,AB4-517
CSE3505,E3,MAB3-103MIA
CSE3505,E3,AB1-210
CSE3505,E3,MAB3-103MIA
CSE3505,E3,AB1-307
CSE4068,E4,MAB3-103MIA
CSE4074,E4,MAB3-103MIA
CSE4074,E4,MAB3-401MIA
CSE4076,E4,MAB3-101MIA
CSE4076,E4,AB1-209
CSE4077,E4,MAB3-301MIA
CSE4078,E4,MAB3-103MIA
CSE4078,E4,MAB3-103MIA
IACSE102,E1,AB3-302
IACSE102,E1,AB1-506AMIS
IACSE102,E1,AB1-506AMIS
IACSE102,E1,AB1-208
IACSE102,E1,AB1-208
IACSE102,E1,AB1-506AMID
IACSI201,B4,AB4-504
IACSI201,B1,AB1-208
IACSI201,B4,AB4-505
IACSI201,B1,AB1-208
IACSI201,B4,AB4-504
IACSI201,B1,AB1-313
IACSI203,B4,AB4-504
IACSI203,B4,AB4-505
IACSI203,B4,AB4-504
IACSI204,B4,AB4-504
IACSI204,B1,AB1-209
IACSI204,B4,AB4-505
IACSI204,B1,AB1-209
IACSI204,B4,AB4-504
IACSI204,B1,AB1-506AMID
IASWE201,E2,AB4-502
IASWE201,E2,AB4-502
IASWE201,E2,AB4-503
IASWE203,E2,AB4-502
IASWE203,E2,AB4-502
IASWE203,E2,AB4-503
IASWE206,E2,AB4-502
IASWE206,E2,AB1-209
IASWE206,E2,AB4-502
IASWE206,E2,AB1-209
IASWE206,E2,AB4-503
IASWE206,E2,AB1-209
IBSA301L,A3,AB4-513
IBSA301L,A3,AB4-513
IBSA301P,A3,AB1-208
IBSA301P,A3,AB1-210
IBSA302L,A3,AB4-514
IBSA302L,A3,AB4-514
IBSA303L,A3,AB4-513
IBSA303L,A3,AB4-513
IBSA303P,A3,AB1-208
IBSA303P,A3,AB1-208
IMGT301L,B4,AB4-513
IMGT301L,B4,AB4-513
IMGT303L,B4,AB4-517
IMGT303L,B4,AB4-517
IMGT304L,B4,AB4-513
IMGT304L,B4,AB4-513
IMGT305L,B4,AB4-513
IMGT305L,B4,AB4-513
ISWE205L,E2,AB4-506
ISWE205L,E2,AB4-512
ISWE205L,E2,AB4-506
ISWE205P,E2,AB1-307
ISWE205P,E2,AB1-307
ISWE205P,E2,AB1-307
ISWE208L,E2,MAB3-101MIS
ISWE208L,E2,AB4-506
ISWE208L,E2,AB4-506
ISWE208L,E2,AB4-201
ISWE210L,E2,AB4-512
ISWE302L,E3,AB4-506
ISWE302L,E3,AB4-506
ISWE302L,E3,AB4-512
ISWE302P,E3,AB1-210
ISWE302P,E3,AB1-311
ISWE302P,E3,AB1-311
ISWE304L,E3,AB4-506
ISWE304L,E3,AB4-506
ISWE304L,E3,AB4-512
ISWE305L,E3,AB4-506
ISWE305L,E3,AB4-506
ISWE305L,E3,AB4-512
ISWE305P,E3,AB1-307
ISWE305P,E3,AB1-311
ISWE305P,E3,AB1-311
ISWE306L,E3,AB4-506
ISWE306L,E3,AB4-506
ISWE306L,E3,AB4-512
ISWE310L,E3,MAB3-101MIS
ISWE401L,E4,MAB3-101MIS
ISWE401L,E4,MAB3-101MIS
ISWE401L,E4,MAB3-102MIS
ISWE401P,E4,AB3-310
ISWE401P,E4,AB3-310
ISWE401P,E4,AB3-310
ISWE405L,E4,MAB3-101MIS
ISWE405L,E4,MAB3-101MIS
ISWE405L,E4,MAB3-102MIS
ISWE406L,E4,MAB3-101MIS
ISWE406L,E4,MAB3-101MIS
ISWE406L,E4,MAB3-102MIS
ISWE406P,E4,AB1-307
ISWE406P,E4,AB1-307
ISWE406P,E4,AB1-307
ISWE407L,E4,MAB3-101MIS
ISWE407L,E4,MAB3-101MIS
ISWE407L,E4,MAB3-102MIS
ISWE407P,E4,AB1-210
ISWE407P,E4,AB1-311
ISWE407P,E4,AB1-210
SWE1017,E1,AB4-518
SWE1017,E1,AB4-512
SWE1017,E1,AB4-517
SWE1901,E1,AB4-506
SWE4007,E4,MAB3-402MIS
UCSC201L,C2,AB3-706
UCSC201P,C2,AB1-311
UCSC203L,C2,AB3-706
UCSC203P,C2,AB1-311
UCSC204L,C2,AB3-706
UCSC204P,C2,AB1-605ABSC
UCSC206L,C2,AB3-707
UCSC206P,C2,AB1-210
UCSC301L,C3,AB3-707
UCSC301P,C3,AB1-210
UCSC311L,C3,AB3-406
UCSC314L,C3,AB3-707
UCSC314P,C3,AB1-311
UCSC315L,C3,AB3-708
UCSC316L,C3,AB3-707
UCSC319L,C3,AB3-706
UCSC320L,C3,AB3-707
UCSC320P,C3,AB1-313
UCSC321L,C3,AB3-708
UCSC326L,C3,AB3-706
UCSC326P,C3,AB1-605ABSC
UCSC413E,C4,AB2-701
UCSC413E,C4,ADB-404BHE
BAEEE102,E1,AB2-408
BAEEE102,E1,AB2-016
BAEEE103,E1,AB2-401
BAEEE103,E1,AB1-306
BAEEE103,E1,AB2-402
BAEEE103,E1,AB1-306
BAEEE103,E1,AB2-401
BAEEE103,E1,AB1-306
BAEEE103,E1,AB2-406
BAEEE103,E1,AB1-306
BAEEE103,E1,AB2-402
BAEEE103,E1,AB1-306
BAEEE103,E1,AB2-406
BAEEE103,E1,AB1-306
BAEEE201,E2,AB2-408
BAEEE201,E2,AB1-603
BAEEE202,E2,AB2-401
BAEEE202,E2,AB1-306
BAEEE202,E2,AB2-401
BAEEE202,E2,AB1-306
BAEEE202,E2,AB2-402
BAEEE202,E2,AB1-306
BAEEE202,E2,AB2-402
BAEEE202,E2,AB1-306
BAEEE202,E2,AB2-406
BAEEE202,E2,AB1-306
BAEEE202,E2,AB2-406
BAEEE202,E2,AB1-306
BAEEE203,E2,AB2-401
BAEEE203,E2,AB1-603ASELECT
BAEEE203,E2,AB2-402
BAEEE203,E2,AB1-603ASELECT
BAEEE203,E2,AB2-401
BAEEE203,E2,AB1-603ASELECT
BAEEE203,E2,AB2-402
BAEEE203,E2,AB1-603ASELECT
BAEEE206,E2,AB2-401
BAEEE206,E2,AB1-002
BAEEE206,E2,AB1-002
BAEEE206,E2,AB2-401
BAEEE206,E2,AB1-002
BAEEE206,E2,AB1-002
BAEEE206,E2,AB2-402
BAEEE206,E2,AB1-002
BAEEE206,E2,AB1-002
BAEEE206,E2,AB2-406
BAEEE206,E2,AB1-002
BAEEE206,E2,AB1-002
BAEEE206,E2,AB2-402
BAEEE206,E2,AB1-002
BAEEE206,E2,AB1-002
BAEEE206,E2,AB2-406
BAEEE206,E2,AB1-002
BAEEE206,E2,AB1-002
BECS303L,B2,AB2-407
BECS303P,B1,AB1-603
BECS303P,B1,AB1-603
BECS304L,B2,AB2-407
BECS304P,B1,AB1-607
BECS402L,B2,AB2-408
BEEE202L,E2,AB2-408
BEEE211E,E2,AB2-405
BEEE211E,E2,AB3-312
BEEE302L,E3,AB2-403
BEEE302L,E3,AB2-404
BEEE302L,E3,AB2-403
BEEE302L,E3,AB2-404
BEEE302P,E3,AB1-603ASELECT
BEEE302P,E3,AB1-603ASELECT
BEEE302P,E3,AB1-603ASELECT
BEEE302P,E3,AB1-603ASELECT
BEEE303L,E3,AB3-605
BEEE303L,E3,AB3-604
BEEE303P,E3,AB1-306
BEEE303P,E3,AB1-306
BEEE304L,E3,AB2-403
BEEE304L,E3,AB2-404
BEEE304L,E3,AB2-403
BEEE304L,E3,AB2-404
BEEE309L,E3,AB2-403
BEEE309L,E3,AB2-403
BEEE309L,E3,AB2-404
BEEE309L,E3,AB2-404
BEEE309P,E3,AB1-603ASELECT
BEEE309P,E3,AB1-603ASELECT
BEEE309P,E3,AB1-603ASELECT
BEEE309P,E3,AB1-603ASELECT
BEEE312L,E3,AB2-403
BEEE312L,E3,AB2-403
BEEE312L,E3,AB2-404
BEEE312L,E3,AB2-404
BEEE312P,E3,AB1-002
BEEE312P,E3,AB1-002
BEEE312P,E3,AB1-002
BEEE312P,E3,AB1-002
BEEE312P,E3,AB1-002
BEEE312P,E3,AB1-002
BEEE312P,E3,AB1-002
BEEE312P,E3,AB1-002
BEEE406L,E4,AB2-405
BEEE409L,E4,AB2-404
BEEE410L,E4,AB2-403
BEEE411L,E4,AB2-403
BEEE412L,E4,MAB3-401BPS
BEEE412P,E4,AB3-311
BEEE416L,E4,AB2-405
BEEE423E,E4,AB2-408
BEEE423E,E4,AB1-603ASELECT
EEE1901,E1,AB2-408
MAELM504E,B2,AB2-705
MAELM504E,B2,AB2-016
MAELM601A,B2,AB2-705
MAELM601A,B2,AB2-016
BAECE201,E2,AB1-301
BAECE201,E2,AB1-302
BAECE201,E2,AB1-308
BAECE201,E2,AB1-309
BAECE201,E2,AB1-301
BAECE201,E2,AB1-302
BAECE201,E2,AB1-308
BAECE201,E2,AB1-309
BAECE202,E2,AB4-519
BAECE203,E2,AB1-301
BAECE203,E2,AB1-302
BAECE203,E2,AB1-308
BAECE203,E2,AB1-309
BAECE203,E2,AB1-608
BAECE203,E2,AB1-609
BAECE203,E2,AB1-610
BAECE203,E2,AB1-608
BAECE203,E2,AB1-302
BAECE203,E2,AB1-309
BAECE203,E2,AB1-301
BAECE203,E2,AB1-609
BAECE203,E2,AB1-610
BAECE203,E2,AB1-307ASENSE
BAECE203,E2,AB1-307ASENSE
BAECE203,E2,AB1-307ASENSE
BAECE203,E2,AB1-307ASENSE
BAECE203,E2,AB1-307ASENSE
BAECE203,E2,AB1-307ASENSE
BAECE203,E2,AB1-307ASENSE
BAECE203,E2,AB1-307ASENSE
BAECE203,E2,AB1-307ASENSE
BAECE203,E2,AB1-307ASENSE
BAECE203,E2,AB1-307ASENSE
BAECE203,E2,AB1-307ASENSE
BAECE203,E2,AB1-307ASENSE
BAECE203,E2,AB1-307ASENSE
BAECE203,E2,AB1-307ASENSE
BAECE203,E2,AB1-307ASENSE
BAECE203,E2,AB1-307ASENSE
BAECE203,E2,AB1-307ASENSE
BAECE203,E2,AB1-307ASENSE
BAECE203,E2,AB1-307ASENSE
BAECE203,E2,AB1-307ASENSE
BAECE203,E2,AB1-307ASENSE
BAECE203,E2,AB1-307ASENSE
BAECE203,E2,AB1-307ASENSE
BAECE203,E2,AB1-307ASENSE
BAECE203,E2,AB1-307ASENSE
BAECE204,E2,AB4-517
BAECE204,E2,AB1-302
BAECE204,E2,AB1-308
BAECE204,E2,AB1-309
BAECE204,E2,AB1-301
BAECE204,E2,AB3-102
BAECE204,E2,AB3-102
BAECE204,E2,AB3-102
BAECE204,E2,AB3-102
BAECE204,E2,AB3-102
BAECE204,E2,AB1-302
BAECE204,E2,AB1-301
BAECE204,E2,AB1-308
BAECE204,E2,AB1-309
BAECE204,E2,AB3-102
BAECE204,E2,AB3-102
BAECE204,E2,AB3-102
BAECE204,E2,AB3-102
BAECE205,E2,AB1-301
BAECE205,E2,AB1-302
BAECE205,E2,AB1-308
BAECE205,E2,AB1-309
BAECE205,E2,AB4-514
BAECE205,E2,AB1-301
BAECE205,E2,AB1-302
BAECE205,E2,AB1-308
BAECE205,E2,AB1-309
BAECE206,E2,AB1-301
BAECE206,E2,AB1-707
BAECE206,E2,AB1-301
BAECE206,E2,AB1-707
BAECE206,E2,AB1-302
BAECE206,E2,AB1-308
BAECE206,E2,AB1-309
BAECE206,E2,AB1-707
BAECE206,E2,AB1-707
BAECE206,E2,AB1-707
BAECE206,E2,AB1-308
BAECE206,E2,AB1-309
BAECE206,E2,AB1-707
BAECE206,E2,AB1-707
BAECE206,E2,AB1-302
BAECE206,E2,AB1-707
BAEVD201,D2,AB4-514
BAEVD201,D2,AB4-514
BAEVD201,D2,AB1-307ASENSE
BAEVD201,D2,AB1-307ASENSE
BAEVD201,D2,AB1-307ASENSE
BAEVD201,D2,AB1-307ASENSE
BAEVD203,D2,AB4-514
BAEVD203,D2,AB4-514
BAEVD204,D2,AB4-514
BAEVD204,D2,AB1-707
BAEVD204,D2,AB4-514
BAEVD204,D2,AB1-707
BECE103L,E1,AB1-410
BECE103P,E1,AB1-307ASMEC
BECE203L,E2,AB1-811
BECE204L,E2,MAB4-101SCOPE
BECE204L,E2,MAB3-102SCOPE
BECE204P,E2,AB1-207
BECE204P,E2,AB1-207
BECE208E,E2,AB1-809
BECE208E,E2,AB4-411
BECE301L,E3,AB1-611
BECE301L,E3,AB1-710
BECE301L,E3,AB1-711
BECE301L,E3,AB1-801
BECE301L,E3,AB1-611
BECE301L,E3,AB1-710
BECE301L,E3,AB1-711
BECE301L,E3,AB1-801
BECE301P,E3,AB1-707
BECE301P,E3,AB1-707
BECE301P,E3,AB1-707
BECE301P,E3,AB1-707
BECE301P,E3,AB1-707
BECE301P,E3,AB1-707
BECE301P,E3,AB1-707
BECE301P,E3,AB1-707
BECE302L,E3,AB1-611
BECE302L,E3,AB1-611
BECE302L,E3,AB1-710
BECE302L,E3,AB1-710
BECE302L,E3,AB1-711
BECE302L,E3,AB1-711
BECE302L,E3,AB1-801
BECE302L,E3,AB1-801
BECE303L,E3,AB1-808
BECE303L,E3,AB1-811
BECE303L,E3,AB1-809
BECE303L,E3,AB1-802
BECE303L,E3,AB1-808
BECE303L,E3,AB1-809
BECE303L,E3,AB1-802
BECE303L,E3,AB1-811
BECE303P,E3,AB3-312
BECE303P,E3,AB3-312
BECE303P,E3,AB3-312
BECE303P,E3,AB3-312
BECE303P,E3,AB3-312
BECE303P,E3,AB3-312
BECE303P,E3,AB3-312
BECE303P,E3,AB3-312
BECE304L,E3,AB1-811
BECE304P,E3,AB4-410
BECE305L,E3,AB1-611
BECE305L,E3,AB1-710
BECE305L,E3,AB1-711
BECE305L,E3,AB1-801
BECE305L,E3,AB1-611
BECE305L,E3,AB1-710
BECE305L,E3,AB1-711
BECE305L,E3,AB1-801
BECE306L,E3,AB1-611
BECE306L,E3,AB1-710
BECE306L,E3,AB1-801
BECE306L,E3,AB1-711
BECE306L,E3,AB1-611
BECE306L,E3,AB1-710
BECE306L,E3,AB1-711
BECE306L,E3,AB1-801
BECE306P,E3,AB4-410
BECE306P,E3,AB4-410
BECE306P,E3,AB4-410
BECE306P,E3,AB4-410
BECE306P,E3,AB4-410
BECE306P,E3,AB4-410
BECE306P,E3,AB4-410
BECE306P,E3,AB4-410
BECE309L,E3,AB1-711
BECE309L,E3,AB1-710
BECE309L,E3,AB1-811
BECE309L,E3,AB1-802
BECE309L,E3,AB1-802
BECE309L,E3,AB1-808
BECE309L,E3,AB1-808
BECE312L,E3,AB1-811
BECE313L,E3,AB1-811
BECE320E,E3,AB1-611
BECE320E,E3,AB3-102
BECE320E,E3,AB1-711
BECE320E,E3,AB4-411
BECE320E,E3,AB1-710
BECE320E,E3,AB3-102
BECE355L,E3,AB2-403
BECE355L,E3,AB2-404
BECE355L,E3,AB2-403
BECE355L,E3,AB2-407
BECE355L,E3,AB2-404
BECE355L,E3,AB1-611
BECE355L,E3,AB1-611
BECE355L,E3,AB1-710
BECE355L,E3,AB1-710
BECE355L,E3,AB1-711
BECE355L,E3,AB1-711
BECE355L,E3,AB1-801
BECE355L,E3,AB1-801
BECE355L,E3,AB1-802
BECE355L,E3,AB1-808
BECE355L,E3,AB1-808
BECE355L,E3,AB1-809
BECE355L,E3,AB1-809
BECE355L,E3,AB4-516
BECE355L,E3,AB4-516
BECE402L,E4,MAB4-101BPS
BECE402P,E4,AB3-310
BECE403E,E4,AB1-610
BECE403E,E4,AB1-606ASENSE
BECE406E,E4,AB1-808
BECE406E,E4,AB1-808
BECE406E,E4,AB1-706
BECE406E,E4,AB1-706
BECE406E,E4,AB1-809
BECE406E,E4,AB1-706
BECE406E,E4,AB1-801
BECE406E,E4,AB1-706
BECE407E,E4,AB1-801
BECE407E,E4,AB3-312
BECE407E,E4,AB1-802
BECE407E,E4,AB3-312
BECE407E,E4,AB1-802
BECE407E,E4,AB3-312
BECE411L,E4,AB4-518
BEVD207L,D2,AB4-516
BEVD207L,D2,AB4-516
BEVD301L,D3,AB4-516
BEVD301L,D3,AB4-516
BEVD301P,D3,AB4-409
BEVD301P,D3,AB4-409
BEVD302L,D3,AB4-516
BEVD302L,D3,AB4-516
BEVD303L,D3,AB4-516
BEVD303L,D3,AB4-516
BEVD309L,D3,AB4-517
BEVD402L,D4,AB4-517
BABMH102M,B1,AB1-402
BABMH102M,B1,AB1-402
BABMH102M,B1,AB1-408
BABMH202S,B1,AB1-408
BABMH202S,B1,AB1-402
BABMH202S,B1,AB1-402
BABMH202S,B1,AB1-803ABMH
BABMH202S,B1,AB1-803ABMH
BABMH202S,B1,AB1-803ABMH
BABMH202S,B1,AB1-803ABMH
BABMH202S,B1,AB1-803ABMH
BABMH202S,B1,AB1-803ABMH
BABMH203I,B1,AB1-408
BABMH203I,B1,AB1-402
BABMH203I,B1,AB1-402
BABMH310E,B1,AB1-402
BABMH310E,B1,AB1-402
BABMH310E,B1,AB1-707BBMH
BABMH310E,B1,AB1-707BBMH
BABMH310E,B1,AB1-707BBMH
BABMH310E,B1,AB1-707BBMH
BABMH311F,B1,AB1-408
BABMH311F,B2,AB2-014
BABMH311F,B2,AB2-014
BAMEE201,E2,AB2-301
BAMEE201,E2,AB2-302
BAMEE201,E2,AB2-303
BAMEE201,E2,AB2-301
BAMEE201,E2,AB2-302
BAMEE201,E2,AB1-006
BAMEE201,E2,AB1-006
BAMEE201,E2,AB1-006
BAMEE201,E2,AB1-006
BAMEE201,E2,AB1-006
BAMEE201,E2,AB1-006
BAMEE201,E2,AB1-006
BAMEE201,E2,AB1-006
BAMEE201,E2,AB1-006
BAMEE201,E2,AB1-006
BAMEE203,E2,AB2-301
BAMEE203,E2,AB2-302
BAMEE203,E2,AB2-303
BAMEE203,E2,AB2-301
BAMEE203,E2,AB2-302
BAMEE203,E2,AB1-005
BAMEE203,E2,AB1-005
BAMEE203,E2,AB1-005
BAMEE203,E2,AB1-005
BAMEE203,E2,AB1-005
BAMEE203,E2,AB1-005
BAMEE203,E2,AB1-005
BAMEE203,E2,AB1-005
BAMEE203,E2,AB1-005
BAMEE203,E2,AB1-005
BAMEE301,E3,AB2-302
BAMEE301,E3,AB2-302
BAMEE301,E3,AB1-406CBME
BAMEE301,E3,AB1-406CBME
BAMEE301,E3,AB2-303
BAMEE301,E3,AB1-406BBMV
BAMEE301,E3,AB2-301
BAMEE301,E3,AB1-513
BAMEE301,E3,AB2-301
BAMEE301,E3,AB1-406BBME
BAMEE318,E3,AB2-303
BAMEE318,E3,AB1-004
BAMEE318,E3,AB1-004
BAMEE401,E4,AB2-302
BAMEE401,E4,AB2-302
BAMEE401,E4,AB2-301
BAMEE401,E4,AB2-301
BMEE207L,E2,AB1-409
BMEE207L,E2,AB1-409
BMEE207L,E2,AB1-410
BMEE207P,E2,AB1-007
BMEE207P,E2,AB1-007
BMEE207P,E2,AB1-007
BMEE207P,E2,AB1-007
BMEE207P,E2,AB1-007
BMEE207P,E2,AB1-007
BMEE210L,E2,AB2-307
BMEE210P,E2,AB1-803ABMV
BMEE210P,E2,AB1-803ABMV
BMEE301L,E3,AB1-409
BMEE301L,E3,AB2-305
BMEE301L,E3,AB2-305
BMEE301L,E3,AB1-410
BMEE301L,E3,AB2-304
BMEE301L,E3,AB2-304
BMEE301L,E3,AB1-409
BMEE301L,E3,AB2-306
BMEE304L,E3,AB2-305
BMEE304L,E3,AB2-306
BMEE304L,E3,AB2-304
BMEE304L,E3,AB2-304
BMEE304L,E3,AB2-305
BMEE304P,E3,AB1-003
BMEE304P,E3,AB1-003
BMEE304P,E3,AB1-003
BMEE304P,E3,AB1-003
BMEE304P,E3,AB1-003
BMEE304P,E3,AB1-003
BMEE304P,E3,AB1-003
BMEE304P,E3,AB1-003
BMEE304P,E3,AB1-003
BMEE304P,E3,AB1-003
BMEE321L,E3,AB2-305
BMEE325L,E3,AB2-305
BMEE326L,E3,AB2-304
BMEE355E,E3,AB2-306
BMEE355E,E3,AB1-406BBMV
BMEE355E,E3,AB1-409
BMEE355E,E3,AB1-409
BMEE355E,E3,AB1-406BBMH
BMEE355E,E3,AB1-406BBMH
BMEE355E,E3,AB1-410
BMEE355E,E3,AB1-406BBMH
BMEE355E,E3,AB2-304
BMEE355E,E3,AB2-304
BMEE355E,E3,AB1-406BBME
BMEE355E,E3,AB1-406BBME
BMEE355E,E3,AB2-305
BMEE355E,E3,AB2-305
BMEE355E,E3,AB1-406BBME
BMEE355E,E3,AB1-406BBME
BMEE355E,E3,AB1-708
BMEE355E,E3,AB1-514
BMEE401L,E4,AB2-706
BMEE401L,E4,AB2-707
BMEE401L,E4,AB2-307
BMEE401L,E4,AB2-307
BMEE401P,E4,AB1-406CBME
BMEE401P,E4,AB1-406CBME
BMEE401P,E4,AB1-406CBMV
BMEE401P,E4,AB1-406BBME
BMEE402L,E4,AB2-304
BMEE402L,E4,AB2-305
BMEE402L,E4,AB2-306
BMEE402L,E4,AB2-304
BMEE402L,E4,AB2-305
BMEE402P,E4,AB2-014
BMEE402P,E4,AB2-014
BMEE402P,E4,AB2-014
BMEE402P,E4,AB2-014
BMEE402P,E4,AB2-014
BMEE402P,E4,AB2-014
BMEE402P,E4,AB2-014
BMEE402P,E4,AB2-014
BMEE402P,E4,AB2-014
BMEE402P,E4,AB2-014
BMEE404L,E4,AB2-306
BMEE407L,E4,AB2-307
BMEE407L,E4,AB2-307
BMEE407L,E4,AB2-706
BMEE407L,E4,AB1-410
BMEE407L,E4,AB1-409
BMEE407L,E4,AB1-409
BMEE409E,E4,AB2-307
BMEE409E,E4,AB1-406BSMEC
BMEE411L,E4,AB2-304
BMEE417L,E4,AB2-306
BMHA201L,A2,AB1-410
BMHA201P,A2,AB2-014
BMHA301L,A3,AB1-409
BMHA301L,A3,AB1-409
BMHA301L,A3,AB1-410
BMHA301P,A3,AB1-707BBMH
BMHA301P,A3,AB1-707BBMH
BMHA301P,A3,AB1-707BBMH
BMHA301P,A3,AB1-707BBMH
BMHA301P,A3,AB1-707BBMH
BMHA301P,A3,AB1-707BBMH
BMHA304L,A3,AB1-411
BMHA304L,A3,AB1-411
BMHA308L,A3,AB1-409
BMHA308L,A3,AB1-409
BMHA314E,A3,AB1-411
BMHA314E,A3,AB3-311
BMHA404L,A4,AB1-411
BMHA405L,A4,AB1-411
BMHA407L,A4,AB1-409
BMHA408E,A4,AB1-409
BMHA408E,A4,AB3-710
BMHA408E,A4,AB3-710
BAESP101,B3,AB3-309
BAESP101,B1,AB1-404
BAESP101,B3,AB3-313
BAESP101,B1,AB1-404BSCOPE
BAESP101,B3,AB3-403
BAESP101,B1,AB1-404
BAESP101,B3,AB3-309
BAESP101,B1,AB1-404
BAESP101,B3,AB3-313
BAESP101,B1,AB1-404BSCOPE
BAESP101,B3,AB3-208
BAESP101,B1,AB1-404BSCOPE
BAESP101,B1,AB1-702
BAESP101,B1,AB1-404B
BAESP101,B2,AB2-301
BAESP101,B1,AB1-404B
BAESP101,B2,AB2-302
BAESP101,B1,AB1-404B
BAESP101,B1,AB1-402
BAESP101,B1,AB1-404B
BAESP101,B2,AB2-401
BAESP101,B1,AB1-404B
BAESP101,B2,AB2-402
BAESP101,B1,AB1-404B
BAFRE101,E1,AB3-305
BAFRE101,E1,AB1-404
BAFRE101,E1,AB3-306
BAFRE101,E1,AB1-404
BAFRE101,E1,AB3-307
BAFRE101,E1,AB1-404
BAFRE101,E1,AB3-308
BAFRE101,E1,AB1-404
BAFRE101,E1,AB3-305
BAFRE101,E1,AB1-404
BAFRE101,E1,AB3-306
BAFRE101,E1,AB1-404
BAFRE101,E1,AB3-307
BAFRE101,E1,AB1-404
BAFRE101,E1,AB3-308
BAFRE101,E1,AB1-404
BAFRE101,E1,AB1-402
BAFRE101,E1,AB1-404B
BAFRE101,E1,AB1-408
BAFRE101,E1,AB1-404B
BAFRE101,E1,AB1-608
BAFRE101,E1,AB1-404B
BAFRE101,E1,AB1-609
BAFRE101,E1,AB1-404
BAFRE101,E1,AB1-608
BAFRE101,E1,AB1-404B
BAFRE101,E1,AB1-609
BAFRE101,E1,AB1-404B
BAFRE101,E1,AB2-301
BAFRE101,E1,AB1-404B
BAFRE101,E1,AB2-302
BAFRE101,E1,AB1-404B
BAGER101,B3,AB3-209
BAGER101,B1,AB1-404
BAGER101,B3,AB3-211
BAGER101,B1,AB1-404
BAGER101,B3,AB3-303
BAGER101,B1,AB1-404
BAGER101,B3,AB3-304
BAGER101,B1,AB1-404BSCOPE
BAGER101,B3,AB3-211
BAGER101,B1,AB1-404
BAGER101,B3,AB3-209
BAGER101,B1,AB1-404
BAGER101,B3,AB3-303
BAGER101,B1,AB1-404
BAGER101,B3,AB3-304
BAGER101,B1,AB1-404
BAGER101,B1,AB1-301
BAGER101,B1,AB1-404
BAGER101,B1,AB1-302
BAGER101,B1,AB1-404B
BAGER101,B1,AB1-308
BAGER101,B1,AB1-404
BAGER101,B1,AB1-309
BAGER101,B1,AB1-404B
BAGER101,B1,AB1-301
BAGER101,B1,AB1-404
BAGER101,B1,AB1-302
BAGER101,B1,AB1-404
BAGER101,B1,AB1-308
BAGER101,B1,AB1-404B
BAGER101,B1,AB1-309
BAGER101,B1,AB1-404B
BAHUM103E,B2,AB2-401
BAHUM103E,B2,AB2-402
BAHUM103E,B2,AB2-406
BAHUM103E,B2,AB2-401
BAHUM103E,B2,AB2-402
BAHUM103E,B2,AB2-406
BAHUM106M,B3,AB3-204
BAHUM109P,B3,AB3-308
BAHUM109P,B3,AB3-308
BAHUM110S,B3,AB3-307
BAHUM110S,B3,AB3-307
BAHUM111I,B3,AB3-508
BAHUM251I,B3,AB3-606
BAHUM251I,B3,AB3-608
BAJAP101,B3,AB3-208
BAJAP101,B1,AB1-404
BAJAP101,B3,AB3-206
BAJAP101,B1,AB1-404
BAJAP101,B1,AB1-610
BAJAP101,B1,AB1-404B
BESP101L,B3,AB3-604
BESP101L,B3,AB3-605
BFRE101L,E1,AB3-513
BFRE101L,E1,AB3-509
BGER101L,B3,AB3-508
BGER101L,B3,AB3-504
BHUM103L,B3,AB3-406
BHUM104L,B3,AB3-408
BHUM108L,B3,AB3-409
BHUM109L,B3,AB3-506
BHUM109L,B2,AB2-404
BHUM110L,B3,AB3-507
BHUM215L,B3,AB3-503
IAHUM106,B4,AB4-505
IAHUM107,B4,AB4-502
IAHUM107,B4,AB4-502
IAHUM112,B4,AB4-504
IAHUM119,B4,AB4-503
IAHUM119,B4,AB4-503
IHUM211L,B2,AB2-605
IHUM217L,B2,AB2-606
STS2011,D1+TD1,ADB-701VFIT
STS3003,B1+TB1,ADB-403VFIT
TAPS109E,B2,AB2-605
TAPS109E,B2,AB2-701AMYI
TAPS202L,B2,AB2-605
TAPS207E,B2,AB2-605
TAPS207E,B2,AB2-701AMYI
TAPS301E,B2,AB2-606
TAPS301E,B2,AB2-701AMYI
TAPS303E,B2,AB2-606
TAPS303E,B2,AB2-701AMYI
TAPS304L,B2,AB2-606
TAPS305L,B2,AB2-605
TAPS306L,B2,AB2-605
TAPS308L,B2,AB2-606
TAPS312L,B2,AB2-606
UCSC228E,C2,AB2-701
UCSC228E,C2,ADB-404BHE
UCSC230E,C2,AB2-701
UCSC230E,C2,ADB-404BHE
UECH201L,B2,AB2-608
UECH202L,B2,AB2-608
UECH203L,B2,AB2-608
UECH204L,B2,AB2-608
UECH205L,B2,AB2-608
UECH213L,B2,AB2-702
UENG102L,G1,AB2-608
UENG102P,G1,AB1-405
UHUM112L,B2,AB2-608
UMGT101L,B2,AB2-701
BAFST103,F2,ADB-702BFT
BAFST103,L1+L2+L15+L1653631,ADB-801BFT
BAFST202,C1+TC1,ADB-702BFT
BAFST202,L37+L3854154,ADB-601BFT
BAFST204,E1,ADB-702BFT
BAFST204,L23+L24+L29+L3051073,ADB-601BFT
BAFST309,A2,ADB-702BFT
BAFST309,L11+L12+L27+L2851448,ADB-602BFT
BAHUM136E,D1,ADB-702BFT
BFST107L,C1+TC1+TCC1,ADB-704BFT
BFST204P,L31+L32+L49+L50+L55+L5654765,ADB-801BFT
BFST212L,B1+TB1,ADB-704BFT
BFST301L,F1+TF1,ADB-704BFT
BFST301P,L29+L3050905,ADB-602BFT
BFST302P,L33+L34+L51+L52+L57+L5854154,ADB-802BFT
BFST305L,A1+TA1+TAA1,ADB-704BFT
BFST306L,D1+TD1,ADB-704BFT
BFST405P,L3+L4+L19+L20+L43+L4451330,ADB-802BFT
BFST406L,A1+TA1,ADB-705BFT
FSD1003,D1,ADB-706BFD
FSD1004,D1,ADB-703BFD
FSD1004,D1,ADB-805BFD
FSD2001,D2,ADB-801BFD
FSD2011,D2,ADB-602BFD
FSD2011,D2,ADB-701BFD
FSD2013,D2,ADB-701BFD
FSD2015,D2,ADB-703BFD
FSD2015,D2,ADB-805BFD
FSD2018,D2,ADB-701BFD
FSD2019,D2,ADB-703BFD
FSD2022,D2,ADB-701BFD
FSD2029,D2,ADB-701BFD
FSD2030,D2,ADB-703BFD
FSD3001,D3,ADB-802BFD
FSD3001,D3,ADB-802BFD
FSD3002,D3,ADB-801
FSD3004,D3,ADB-703BFD
FSD3004,D3,ADB-802BFD
FSD3004,D3,ADB-802BFD
BAHUM202S,B3,AB3-704
BAHUM202S,B3,AB3-704
BAHUM202S,B3,AB3-705
BAHUM202S,B3,AB3-705
BAHUM202S,B3,AB3-706
BAHUM202S,B3,AB3-706
BAHUM204F,B2,AB2-708
BAHUM204F,B2,AB2-708
BAMGT211N,B3,AB3-703
BAMGT211N,B3,AB3-703
BAMGT213C,B2,AB2-706
BAMGT213C,B2,AB2-705
BAMGT213C,B2,AB2-704
BAMGT213C,B2,AB2-704
BAMGT215E,B2,AB2-707
BAMGT216C,B2,AB2-707
BAMGT216C,B2,AB2-703
BAMGT217F,B3,AB3-707
BAMGT221P,B2,AB2-607
BAMGT221P,B2,AB2-607
BMGT101L,B3,AB3-403
BMGT101L,B3,AB3-708
BMGT101L,B3,AB3-404
BMGT101L,B3,AB3-404
BMGT102L,B3,AB3-405
BMGT102L,B3,AB3-406
BMGT102L,B3,AB3-407
BMGT104L,B3,AB3-603
BMGT104L,B3,AB3-405
BMGT104L,B3,AB3-603
BMGT104L,B3,AB3-508
BMGT105L,B3,AB3-607
BMGT106L,B3,AB3-513
BMGT107L,B3,AB3-507
MGT1022,B3,AB3-604
MGT3003,B2,AB2-707
MGT3003,B3,AB3-708
MGT4003,B2,AB2-708
UECH307L,B2,AB2-702
UECH413L,B2,AB2-702
UHUM102L,B3,AB3-708
UHUM103L,B2,AB2-604
TLAW161L,B5,AB5-204
TLAW161L,B5,AB5-204
TLAW164L,B5,AB5-205
TLAW164L,B5,AB5-205
TLAW166L,B5,AB5-204
TLAW166L,B5,AB5-203
TLAW183L,B5,AB5-208
TLAW183L,B5,AB5-207
TLAW183L,B5,AB5-208
TLAW185L,B5,AB5-208
TLAW185L,B5,AB5-207
TLAW185L,B5,AB5-108
TLAW203L,B5,AB5-203
TLAW203L,B5,AB5-204
TLAW203L,B5,AB5-206
TLAW203L,B5,AB5-205
TLAW203L,B5,AB5-206
TLAW204L,B5,AB5-208
TLAW204L,B5,AB5-207
TLAW204L,B5,AB5-206
TLAW204L,B5,AB5-205
TLAW204L,B5,AB5-204
TLAW205L,B5,AB5-208
TLAW205L,B5,AB5-207
TLAW205L,B5,AB5-207
TLAW205L,B5,AB5-206
TLAW205L,B5,AB5-204
TLAW282L,B5,AB5-303
TLAW282L,B5,AB5-304
TLAW282L,B5,AB5-303
TLAW283L,B5,AB5-207
TLAW283L,B5,AB5-206
TLAW283L,B5,AB5-206
TLAW301L,B5,AB5-307
TLAW301L,B5,AB5-306
TLAW301L,B5,AB5-302
TLAW301L,B5,AB5-203
TLAW302L,B5,AB5-302
TLAW302L,B5,AB5-208
TLAW302L,B5,AB5-302
TLAW302L,B5,AB5-305
TLAW304L,B5,AB5-306
TLAW304L,B5,AB5-305
TLAW304L,B5,AB5-304
TLAW304L,B5,AB5-303
TLAW306L,B5,AB5-306
TLAW306L,B5,AB5-305
TLAW306L,B5,AB5-304
TLAW306L,B5,AB5-303
TLAW308L,B5,AB5-405
TLAW308L,B5,AB5-307
TLAW308L,B5,AB5-406
TLAW308L,B5,AB5-407
TLAW309L,B5,AB5-405
TLAW309L,B5,AB5-406
TLAW309L,B5,AB5-407
TLAW309L,B5,AB5-307
TLAW312L,B5,AB5-306
TLAW312L,B5,AB5-306
TLAW401L,B5,AB5-405
TLAW401L,B5,AB5-406
TLAW401L,B5,AB5-407
TLAW401L,B5,AB5-307
TLAW402L,B5,AB5-405
TLAW402L,B5,AB5-406
TLAW402L,B5,AB5-407
TLAW402L,B5,AB5-307
TLAW403L,B5,AB5-401
TLAW403L,B5,AB5-402
TLAW403L,B5,AB5-403
TLAW403L,B5,AB5-404
TLAW406L,B5,AB5-401
TLAW408L,B5,AB5-401
TLAW410L,B5,AB5-401
TLAW415L,B5,AB5-402
TLAW417L,B5,AB5-402
TLAW421L,B5,AB5-403
TLAW422L,B5,AB5-404
TLAW425L,B5,AB5-403
TLAW429L,B5,AB5-402
TLAW436L,B5,AB5-404
TLAW442L,B5,AB5-403
TLAW443L,B5,AB5-404
TLAW450L,B5,AB5-305
TLAW450L,B5,AB5-304
TLAW450L,B5,AB5-306
TLAW450L,B5,AB5-305
TLAW451L,B5,AB5-407
TLAW453L,B5,AB5-402
TLAW506L,B5,AB5-401
TLAW507L,B5,AB5-406
TLAW508L,B5,AB5-303
TLAW510L,B5,AB5-404
TLAW511L,B5,AB5-405
TLAW513L,B5,AB5-403
TLAW514L,B5,AB5-404
TLAW516L,B5,AB5-402
TLAW521L,B5,AB5-401
TLAW524L,B5,AB5-403
